V1;V2
het;1200
strand;788
en;746
in;503
aan;479
bij;478
de;475
voor;468
met;450
van;429
op;412
zwembad;376
centrum;336
appartementen;325
uitzicht;304
hotel;302
omgeving;204
gelegen;198
een;197
vlak;189
loopafstand;188
kamers;186
ruime;184
&;182
ligging;165
direct;163
prachtige;155
tuin;153
zee;149
glijbanen;147
gratis;147
schitterend;146
gerenoveerd;145
over;145
kleinschalig;144
all;142
sfeervol;142
inclusive;138
prachtig;135
zwembaden;135
dicht;133
gerenoveerde;127
groene;125
naar;124
veel;124
personeel;123
luxe;119
zeer;116
leuke;111
activiteiten;106
jong;106
oud;106
sfeer;104
adults;100
ideaal;99
moderne;98
sunweb;98
zandstrand;98
only;97
rustige;95
gezellige;91
aquapark;84
baai;82
families;81
faciliteiten;80
te;80
boulevard;77
rustig;77
modern;75
zo;75
dichtbij;72
fijn;71
kindvriendelijk;70
mooi;67
ruim;67
restaurants;66
poolbar;65
hele;64
zonneterras;64
familiehotel;62
mooie,;59
om;59
midden;58
waterglijbanen;58
complex;57
kidsclub;57
vriendelijk;57
eigen;56
studio's;56
centraal;54
gezin;54
nederlandstalige;54
schitterende;54
shuttlebus;54
mooie;53
buffet;51
comfortabele;51
privã©strand;51
zwemparadijs;51
animatie;50
appartementencomplex;49
club;49
groot;49
gemoedelijke;48
heerlijk;48
opgezet;48
restaurant;48
twee;47
griekse;45
perfect;45
stijlvol;45
compleet;44
maar;43
sfeervolle;43
belgisch;42
lekker;42
management;42
wellnesscenter;42
eigenaren;41
gebruik;41
kids;41
miniclub;41
afstand;40
nederlandstalig;40
panoramisch;40
centrale;39
ingericht;39
plekje;39
spectaculair;39
tot;39
duik;38
rust;38
steenworp;38
door;37
fantastische;37
gastvrije;37
knus;37
nabij;37
vakantieadres;37
18+;36
3;36
6;36
barcelo;36
geheel;36
meerdere;36
voorheen;36
selections;35
sparky;35
uitgebreid;35
xperience;35
7;34
aanwezig;34
duikcentrum;34
goede;34
inrichting;34
volledig;34
animatieprogramma;33
frisse;33
geliefd;33
grote;33
ideale;33
inclusief;33
waterpark;33
ingerichte;32
nieuw;32
oude;31
animatieteam;30
cala;30
deur;30
liefst;30
populair;30
snorkelen;30
wellness;30
heerlijke;29
verschillende;29
vriendelijke;29
fantastisch;28
geschikt;28
relaxen;28
vadella;28
weelderige;28
service;27
spa;27
splinternieuw;27
strandbar;27
15+;26
je;26
kato;26
ontbijt;26
pal;26
paphos;26
winkelcentrum;26
beach;25
betoverende;25
campanario;25
geweldige;25
kleurrijk;25
komen;25
mogelijk;25
nieuwe;25
playa;25
ga;24
genieten;24
kopje-onder;24
super;24
team;24
uitstekende;24
wereld;24
augustus;23
avontuur;23
badkamers;23
dakterras;23
juli;23
la;23
onderwater;23
park;23
speeltuin;23
vol;23
bars;22
drankjes;22
eten;22
gemoedelijk;22
gezinnen;22
gloednieuw;22
ligbedden;22
maken;22
meter;22
palmbomen;22
prachtige,;22
uitgebreide;22
village;22
vlakbij;22
crossfit;21
del;21
moderne,;21
mooi,;21
spetterende;21
verzorgde;21
waterspeeltuin;21
directe;20
familie;20
familiekamers;20
geweldig;20
kalamaki;20
kinderen;20
ligging,;20
prijs-kwaliteitverhouding;20
toegang;20
zeezicht;20
ã -la-carte;19
gastvrij;19
leuk;19
nette;19
persoonlijke;19
privã©-zonneweide;19
rand;19
uitstraling;19
2;18
diner:;18
grieks,;18
haven;18
italiaans;18
maaltijden;18
natuur;18
pannenkoekenrestaurant;18
shuttle;18
shuttlebusje;18
spetteren;18
stellen;18
vlucht;18
ã ;17
apart;17
benadering;17
carte;17
comfort;17
gastvrijheid;17
heuvels;17
kinderbadje;17
kinderzwembad;17
lekkere;17
locatie;17
mini;17
recentelijk;17
ruime,;17
rustzoekers;17
themabuffetten;17
trendy;17
typisch;17
vrijwel;17
centrum!;16
hier;16
kleurrijke;16
loungen;16
rechtstreekse;16
snackbar;16
stijl;16
tuinen;16
ultra;16
vluchten;16
wegdromen;16
16+;15
2018;15
9;15
bar;15
cooking!;15
dag;15
enthousiast;15
hart;15
live;15
prijs-kwaliteit;15
scherpe;15
smullen;15
verhouding;15
winkels;15
winkeltjes;15
zoutkamer;15
actief;14
adembenemend;14
aqualava;14
goed;14
indoor;14
inglã©s;14
loungebedden;14
ontmoeting;14
privacy;14
tijdelijk;14
tussen;14
vakantiesfeertje;14
water;14
2;13
eiland;13
el;13
fijne;13
inbegrepen;13
intiem;13
kinderbad;13
mini-;13
mooiste;13
ontspannen;13
programma;13
stijlvolle;13
thuis;13
ticket;13
tropische;13
zoetwater;13
ã©n;12
avonden;12
bakkerij;12
behulpzaam;12
boeken;12
bouwstijl;12
center;12
diner;12
entertainment;12
glijbanen!;12
langgerekt;12
onder;12
openluchtjacuzzi's;12
perfecte;12
plezier;12
resort;12
romantisch;12
uit;12
vakantie;12
vele;12
fantasia;11
folklore;11
funchal;11
gevarieerde;11
gouna;11
grillrestaurant;11
grootste;11
koloniale;11
las;11
olijfgaarden;11
omgeven;11
openluchtbioscoop;11
pier;11
prima;11
secrets;11
show;11
sport;11
terras;11
top;11
waanzinnig;11
4;10
46;10
betrokken;10
brede;10
bruisende;10
buurt;10
chaparral;10
coole;10
dak;10
drie;10
eenoudergezinnen;10
gevoel;10
glijbaantjes;10
gran;10
juniorclub;10
knusse;10
ligweide;10
omringd;10
ongedwongen;10
overvloed;10
pool-;10
privã©zwembad;10
puerto;10
spannende;10
spel;10
stranden;10
thema;10
verkoeling;10
vernieuwd;10
winter;10
5;9
balkon;9
bazar;9
boutique;9
burras;9
eilandjes;9
extra;9
familievriendelijk;9
gerund;9
hotelkamers;9
huur;9
klif;9
levendige;9
luxe,;9
meteen;9
net;9
oase;9
onbezorgd;9
ontspanningsmogelijkheden;9
opgezet,;9
overnachten;9
privã©-cabanas;9
shows;9
splashpool;9
sportmogelijkheden;9
strak;9
vanaf;9
vermaak;9
voel;9
waterparadijs;9
3-kamerappartementen;8
aankomst;8
alle;8
artiesten;8
authentieke;8
barbecue;8
bergen;8
bijzondere;8
buffetten;8
buiten;8
didim;8
geniet;8
gevulde;8
halfpension;8
henna;8
kust;8
lambi;8
lara;8
lichte;8
ligstoelen;8
minibar;8
nederlanders;8
nederlandse;8
onlangs;8
parkje;8
premium;8
professionele;8
restaurantjes;8
romantische;8
santa;8
shuttlebootje;8
sport-;8
square;8
suites;8
superior;8
tamr;8
tapascultuur;8
uitzichten;8
uniek;8
vakantiegangers;8
verse;8
vijfsterrenplus-hotel;8
winkels,;8
zeytouna;8
zomer;8
bezig;7
binnen-;7
carmen;7
creoolse;7
elke;7
entree;7
ervaar;7
gebouwd;7
gezellig;7
grote,;7
infinity;7
is;7
juniorsuites;7
kan;7
lefkas;7
mini-club;7
nacht;7
ontvangst;7
paradijs;7
parasols;7
pastelkleurige;7
platform;7
pocillos;7
pool;7
speeltuintje;7
spetterend;7
thuiskomen;7
toch;7
verzorgd;7
wandelpromenade;7
wellnessfaciliteiten;7
zijn;7
(1500;6
1;6
14+;6
2019;6
armen;6
buitenzwembaden;6
bungalows;6
charmante;6
comfortabel;6
dagen;6
diverse;6
feestje!;6
gerechten;6
grandioze;6
grieks;6
hippe;6
jacuzzi;6
kasbah;6
keus;6
laganas;6
m2);6
nederlandssprekend;6
nooit;6
ontmoetingen;6
ontspanning;6
onvergetelijke;6
open;6
plonzen;6
privã©-zwembad;6
restaurants:;6
rustig,;6
side;6
sinaasappelsap;6
slechts;6
spectaculaire;6
sprookjesachtige;6
vanuit;6
verfrissende;6
vergeten;6
weg;6
12;5
17/18;5
al;5
aqua;5
bestaande;5
buffetrestaurants;5
buitenbad;5
buitenbaden;5
carihuela;5
checkin;5
design,;5
designer;5
dineren;5
drankje;5
eigenaresse;5
gedeeltes;5
gescheiden;5
groepen;5
heel;5
heuvel;5
hip;5
hoek;5
house;5
jongeren;5
korting;5
kos;5
kos-stad;5
lounge;5
luxueus;5
mall;5
middenin;5
molivos;5
nederlands;5
netjes;5
nieuwe,;5
ontspanningsfaciliteiten;5
ook;5
openingsprijzen;5
originele;5
pianobar;5
pineda;5
privã©;5
proef;5
savines;5
ses;5
showcooking;5
specialiteiten;5
sportfaciliteiten;5
sportief;5
stadscentrum;5
suppen?;5
tegenover;5
the;5
trek;5
unieke;5
uren;5
verspreid;5
waterpret;5
zorgt;5
(sportieve);4
10;4
100;4
24;4
50;4
ã‰ã©n;4
achtergrond;4
aparthotels;4
authentiek;4
beachbar;4
bergkliffen;4
binnen;4
buitenzwembad;4
culinair;4
design;4
duinen;4
eã©n;4
exclusief;4
familiegericht;4
fietshuur;4
fitnessruimte;4
gedeeltelijk;4
gekke;4
gevarieerd;4
gezelligheid;4
glijbaan;4
gloednieuwe;4
golfbaan;4
hapje;4
huisrif;4
ibiza-stad;4
internet;4
koele;4
konakli;4
lange;4
ligbedjes;4
madeira;4
maria;4
murdeira;4
naast;4
niet;4
olijf-;4
petra;4
planten;4
snackbar,;4
sportieve;4
stress-vrije;4
susanna;4
ten;4
tennisbaan;4
tijd;4
totaal;4
ver;4
verwijderd;4
vrolijk;4
waterliefhebbers;4
waterspeelplein;4
winkelstraat;4
zonsondergang;4
zwembadenparadijs;4
'secret';3
1x;3
2018/19;3
22;3
ã€-la-carte;3
aanbod;3
adembenemende;3
adres;3
alles;3
als;3
beleving;3
bosrijke;3
busje;3
ca.;3
cottages;3
culinaire;3
designhotel;3
dolmus;3
duiken;3
elkaar;3
espargos;3
familiecomplex;3
familieresort;3
friendly;3
gasten;3
gemak;3
goudgele;3
groen;3
gunstige;3
hard;3
hartje;3
hotel!;3
huiselijke;3
incl.;3
inclusiveprogramma;3
ionische;3
jaren;3
kamer;3
kermis;3
keten;3
keuze;3
kleine;3
lokale;3
lunch;3
markt;3
max.;3
mum;3
nette,;3
oba;3
ontdek;3
palmboom;3
per;3
personen;3
pittoreske;3
plek;3
prachtig,;3
pret;3
privã©zandstrand;3
proberen;3
resorts;3
rock;3
rotsstrand;3
rustige,;3
sauna;3
shopping;3
sprekend;3
tavernes;3
tegen;3
terrasjes;3
toeristische;3
topligging;3
tower;3
uitgestrekt;3
uitstekend;3
uur;3
vertrek;3
vier;3
vlakbij!;3
volpension;3
wandel;3
wandelboulevard;3
wellnesscentrum;3
welnesscenter;3
wereldberoemde;3
wijk;3
yoga,;3
zorgeloos;3
;2
'dare;2
'thuis';2
(sport)activiteiten;2
,;2
+;2
13;2
2-kamerappartementen;2
2019!;2
30;2
32;2
35;2
ã -la-carterestaurant;2
ã -la-carterestaurants;2
ã¡-la-carte;2
aangelegd;2
aangrenzend;2
accommodatie;2
actie;2
activiteitenprogramma;2
adrenalinestoot?;2
adresje;2
alanya;2
alfagar;2
algarve;2
all-inclusive;2
altijd;2
alto;2
americas;2
ammes;2
apollo;2
aquarium;2
architectuur;2
argostoli;2
attente;2
avond;2
avondshows;2
avontuurlijke;2
bedden;2
begrip;2
behandeling;2
bella;2
beroemde;2
bijboeken;2
bijzonder;2
binnenplaats;2
bistro;2
bobo;2
bodrum;2
boot;2
botanische;2
buikdansen;2
campo;2
canarisch;2
carvoeiro;2
charmant;2
chill-out;2
chique;2
chocolade;2
circa;2
clubs;2
combinatie;2
corner;2
corralejo;2
crazy;2
cycladen;2
d'or;2
decor;2
deels;2
dorp;2
dorpje;2
dromen;2
egeã¯sche;2
eigenaar;2
eilanden;2
elena;2
emirates;2
entertaimentprogramma;2
fenomenaal;2
film;2
fitness;2
formule;2
gastheerschap;2
gave;2
ghalib;2
golfterrein;2
gouvia;2
griekenland;2
hangstoelen;2
het!;2
holiday;2
idyllische;2
inclusief!;2
indrukwekkende;2
internacional;2
jachthaven;2
jump';2
kamers,;2
karakteristiek;2
kiezelstrand;2
kinderboerderij;2
kinderclub;2
kinderglijbaantje;2
kinderzwembaden;2
klassieke;2
kleintjes;2
kliffen;2
kontokali;2
koukounaries;2
kusadasi;2
kwalitatief;2
kwaliteit;2
lagune;2
levante-strand;2
mar;2
meivakantie;2
mogelijkheden;2
natuurgebied;2
natuurlijke;2
nikos;2
of;2
olijfbomen;2
onderdeel;2
opgeknapt;2
optimaal;2
oudere;2
palma;2
pand;2
paradijs:;2
parels;2
parga;2
pijbomen;2
pijnbomen;2
piratenbootje;2
plaatsje;2
poolparties;2
populaire;2
port;2
portugese;2
pretpark;2
pretparkje;2
producten;2
proeven;2
promenade;2
protaras;2
regelmatig;2
reis;2
river;2
roquetas;2
rustgevende;2
snacks;2
sousse;2
speeltuin,;2
spiksplinternieuw;2
splashpark;2
sportievelingen;2
stad;2
stand;2
strand?;2
strandjes;2
streekgerechten;2
supermarktje;2
tal;2
talen;2
taverne;2
terugkerende;2
tieners;2
to;2
treinstation;2
uiteenlopende;2
uitrustvakantie;2
uitvalsbasis;2
vakantiehuisjes;2
verrassingen;2
verwarmd;2
villa's;2
vissersdorpje;2
visserswijk;2
vitalis;2
volwassenen;2
walhalla;2
wandelen;2
warm;2
wekelijks;2
wellfit;2
welness;2
wilderige;2
x;2
xperience:;2
zomermaanden;2
zonnen;2
zumba;2
'best;1
(16+);1
(internationale);1
(sport)faciliteiten;1
(zij)zeezicht;1
11;1
15;1
150;1
17+;1
2-persoonskamer!;1
20;1
2017;1
2017/18;1
2018';1
22/6-24/6;1
24-jul;1
30%;1
31%;1
35%;1
38%;1
40;1
449,-!;1
499,-!;1
4x;1
8;1
88;1
9-holes;1
â‚¬429!;1
ã©ã©n;1
aangenaam;1
abu;1
adeje;1
adults-only;1
af;1
afgelopen;1
afrikaanse;1
agualand;1
airlines;1
alam;1
alanyum;1
albufeira;1
alleen;1
altlantische;1
analipsis;1
andalusische;1
ansichtkaart;1
aparte;1
aparthotel;1
april;1
aqualand;1
arenal;1
attent;1
autovrije;1
azuurblauwe;1
baaitje;1
balinese;1
balkonnen;1
bananenplantages;1
barbecue-avonden;1
barbecueavonden;1
barretjes;1
basis;1
bay;1
beachclub;1
bedjes;1
begaanbaar;1
behulpzame;1
bekend;1
bereikbaar;1
bereiken;1
beste;1
bestel;1
betoverend;1
bezoek;1
bijgebouw;1
bijkomen;1
bijna;1
binnenstad;1
bloemen;1
boekbaar;1
boeken!;1
boerderij;1
bootje;1
bootservice;1
bowlingbaan;1
breedste;1
brussels;1
buffetrestaurant;1
buffetten,;1
bus;1
cabanas;1
centra;1
champagne;1
champagne-bar;1
chef;1
chersonissos;1
chi;1
cita;1
clubâ ;1
coastal;1
cocktail;1
cocktailbar;1
comfotabele;1
comfy;1
corfiotische;1
corfu;1
costa;1
cruz;1
cuisine;1
dabab;1
danillia;1
deel;1
djemaa;1
dora;1
dubrovnik;1
echte;1
eco-hotel;1
ecologisch;1
eind;1
elegant;1
elegante;1
elegen;1
elementen;1
enorm;1
erg;1
ervaring;1
etna;1
excursie;1
exotische;1
familiebedrijf;1
familiekamer;1
familieszwembad;1
festival;1
fig;1
fleurige;1
fleurige,;1
fna-plein;1
functionele;1
g;1
gamesroom;1
gastvrouw;1
geboorteplaats;1
gedeelte;1
geen;1
geliefde;1
gemaakt;1
gemakkelijk;1
gerenoveerd,;1
gerenoveerde,;1
geroveerd;1
gestoken;1
gewaardeerd;1
glijbaantje;1
goudgeel;1
grandioos;1
groende;1
groentes;1
grotendeels;1
gunstig;1
haar;1
half;1
half-en;1
hamam;1
handbereik;1
handgemaakte;1
hartelijke;1
haute;1
haventje;1
healthclub;1
heldere;1
herfstvakantie;1
high-end;1
historische;1
hoogstandjes;1
hoogtepunten;1
huisje;1
hurghada;1
huurauto;1
ibiza-stijl;1
iedere;1
ijskoude;1
imposante;1
inclusive,;1
infinitypool;1
internationaal;1
jacuzzi's;1
jasje;1
jumeirah;1
junior;1
kabelbaan;1
karakteristieke;1
kefelonia;1
kids-;1
kilometers;1
kindvriendelijke;1
klaar;1
klassiek;1
kleinschalige;1
kleinschaling;1
kleopatra-strand;1
kleur;1
koelen;1
komende;1
korte;1
kunstgalerij;1
kustlijn;1
laagbouw;1
lampen;1
landelijk;1
langste;1
lanzarote;1
lassi;1
lessen;1
levante;1
levendig;1
lido;1
lieflijke;1
ligging:;1
logeren;1
loungebars;1
loungeterras;1
luxury;1
mag;1
makkelijk;1
malia;1
malta;1
marco;1
marina;1
marsa;1
matala;1
meedere;1
mei;1
metro;1
meubels;1
mini-,;1
minibioscoop;1
minuten;1
moet,;1
mooist;1
mtr;1
nationaal;1
natuurliefhebbers;1
neus;1
niets;1
nikki;1
niklaw;1
nissaki;1
nu;1
null;1
o.a.;1
oceaan;1
oliva;1
onderhouden;1
onderwaterwereld;1
oneindig;1
onstpanning;1
ontbijtbuffet;1
ontdekken;1
origineel;1
overkant;1
paar;1
palmeiland;1
patisserie;1
pga;1
pilates;1
pleintje;1
polo;1
pool/snackbar;1
prefect;1
prefecte;1
prettige;1
prijs;1
prijs-kwaliteitsverhouding;1
privã©stranden;1
privezwembad;1
psaropoula;1
regio;1
relaxte;1
rico;1
rijden;1
rivier;1
rustzoeker;1
san;1
sauna,;1
schiereiland;1
sensatie;1
shoppingcentra;1
shoppingcentrum;1
shoppingmall;1
shuttleboot;1
shuttleservice;1
sisha;1
skybar;1
slow;1
smaakvolle;1
smakelijke;1
souvenirwinkeltjes;1
speeltuinen;1
spelmogelijkheden;1
splashzone;1
spliternieuw;1
sportactiviteiten;1
sporten;1
stadje;1
stappen;1
stoere;1
stopt;1
straat;1
strandje;1
strip;1
suite;1
sunbweb;1
supermarkt;1
surfschool;1
svoronata;1
swim-up;1
t/m;1
tai;1
tapas;1
taverna's;1
tevreden;1
thalasso;1
thassos-stad;1
themahotel;1
thuisgevoel;1
tien;1
tijdens;1
tintje;1
toplocatie:;1
traditioneel;1
traditionele;1
traptreden;1
travel;1
tree;1
turkije!;1
typische;1
uitgeroepen;1
uitgestrekte;1
uitizicht;1
uitkijken;1
uitstapjes;1
uitzich;1
uitzicht,;1
upgrade!;1
uurs;1
vakantiepark;1
valtos;1
verblijf;1
verkoelende;1
verkrijgbaar;1
vernieuwde;1
verrassende;1
vers;1
verscholen,;1
vh;1
via;1
vieren;1
vijf;1
vilamoura;1
villa;1
villages;1
voelt;1
vooral;1
wandelafstand;1
wandeling;1
water-;1
waterglijbaan;1
waterratten;1
waterval;1
week;1
wel;1
wellness-eiland;1
wi-fi;1
winnaar;1
worden;1
yumbo;1
zandstranden;1
zaterdag;1
zes;1
zon,;1
zonnig;1
zorgen,;1
zwembadzicht;1
zwemmen;1
